targetX,cueOri,congr,corrAns,Validity,soa,iti
-0.35,0,1,left,cued,0.2,1.8
-0.35,0,1,left,cued,0.1,1.0
-0.35,0,1,left,cued,0.1,1.2
-0.35,0,1,left,cued,0.3,1.0
-0.35,0,1,left,cued,0.7,1.4
-0.35,0,1,left,cued,0.2,1.4
-0.35,0,1,left,cued,0.3,1.0
-0.35,0,1,left,cued,0.3,1.4
-0.35,0,1,left,cued,0.1,1.8
-0.35,0,1,left,cued,0.3,1.4
-0.35,0,1,left,cued,0.2,1.4
-0.35,0,1,left,cued,0.3,1.4
-0.35,0,1,left,cued,0.3,1.0
-0.35,0,1,left,cued,0.3,1.8
-0.35,0,1,left,cued,0.2,1.4
-0.35,0,1,left,cued,0.1,1.6
-0.35,0,1,left,cued,0.2,1.2
-0.35,0,1,left,cued,0.7,1.6
-0.35,0,1,left,cued,0.3,1.6
-0.35,0,1,left,cued,0.7,1.6
0.35,180,1,right,cued,0.2,1.8
0.35,180,1,right,cued,0.1,1.2
0.35,180,1,right,cued,0.2,1.0
0.35,180,1,right,cued,0.2,1.0
0.35,180,1,right,cued,0.3,1.6
0.35,180,1,right,cued,0.7,1.8
0.35,180,1,right,cued,0.1,1.0
0.35,180,1,right,cued,0.3,1.4
0.35,180,1,right,cued,0.5,1.6
0.35,180,1,right,cued,0.7,1.4
0.35,180,1,right,cued,0.3,1.8
0.35,180,1,right,cued,0.5,1.4
0.35,180,1,right,cued,0.2,1.4
0.35,180,1,right,cued,0.2,1.6
0.35,180,1,right,cued,0.3,1.2
0.35,180,1,right,cued,0.7,1.6
0.35,180,1,right,cued,0.1,1.0
0.35,180,1,right,cued,0.1,1.8
0.35,180,1,right,cued,0.1,1.4
0.35,180,1,right,cued,0.3,1.6
-0.35,180,0,left,uncued,0.7,1.4
-0.35,180,0,left,uncued,0.1,1.6
-0.35,180,0,left,uncued,0.5,1.8
-0.35,180,0,left,uncued,0.5,1.8
-0.35,180,0,left,uncued,0.2,1.6
-0.35,180,0,left,uncued,0.2,1.0
-0.35,180,0,left,uncued,0.2,1.2
-0.35,180,0,left,uncued,0.5,1.4
-0.35,180,0,left,uncued,0.1,1.6
-0.35,180,0,left,uncued,0.5,1.6
-0.35,180,0,left,uncued,0.1,1.8
-0.35,180,0,left,uncued,0.3,1.8
-0.35,180,0,left,uncued,0.5,1.4
-0.35,180,0,left,uncued,0.2,1.2
-0.35,180,0,left,uncued,0.7,1.8
-0.35,180,0,left,uncued,0.2,1.0
-0.35,180,0,left,uncued,0.2,1.2
-0.35,180,0,left,uncued,0.1,1.6
-0.35,180,0,left,uncued,0.1,1.2
-0.35,180,0,left,uncued,0.3,1.6
0.35,0,0,right,uncued,0.5,1.4
0.35,0,0,right,uncued,0.3,1.2
0.35,0,0,right,uncued,0.3,1.2
0.35,0,0,right,uncued,0.1,1.4
0.35,0,0,right,uncued,0.5,1.8
0.35,0,0,right,uncued,0.5,1.8
0.35,0,0,right,uncued,0.1,1.8
0.35,0,0,right,uncued,0.5,1.6
0.35,0,0,right,uncued,0.2,1.6
0.35,0,0,right,uncued,0.1,1.2
0.35,0,0,right,uncued,0.3,1.0
0.35,0,0,right,uncued,0.1,1.0
0.35,0,0,right,uncued,0.1,1.4
0.35,0,0,right,uncued,0.1,1.4
0.35,0,0,right,uncued,0.7,1.6
0.35,0,0,right,uncued,0.7,1.8
0.35,0,0,right,uncued,0.7,1.4
0.35,0,0,right,uncued,0.2,1.6
0.35,0,0,right,uncued,0.3,1.8
0.35,0,0,right,uncued,0.2,1.8
